{
  "date": "",
  "title": "Conheça um pouco sobre a Vonder",
  "thumbnail": "/img/uploads/capa-blog-vonder-referencia-e-qualidade-690x690px.png",
  "body": "![vonder é referência em qualidade](/img/uploads/capa-blog-vonder-referencia-e-qualidade-690x690px.png \"Banner Apresentação Blog\")\n\n<div class = \"textoblog\">\n\n<p><a href=\"https://www.desicon.com.br/produtos?q=vonder\"><strong>Vonder</strong></a> é referência no desenvolvimento de ferramentas manuais e elétricas para uso profissional e industrial, conquistando a preferência de profissionais e lojistas em inúmeras categorias e apontada pelos meios especializados no mercado industrial e revendedor como uma das marcas preferidas pelo mercado, logo uma das mais premiadas e respeitadas no segmento. A marca Vonder é a principal marca com o maior mix de ferragens, ferramentas, máquinas e equipamentos para uso profissional do mercado, com diversos produtos como <a href=\"https://www.desicon.com.br/parafusadeira-furadeira-bateria-12v-pfv112qr-bivolt-vonder\">parafusadeiras</a>, <a href=\"https://www.desicon.com.br/colete-porta-ferramentas-vonder-cl-013-7-bolsos-aldo-solar\">coletes de proteção</a>, <a href=\"https://www.desicon.com.br/kit-ferramentas-maleta-com-110-pecas-vonder-cromo-vanadium\">kit de ferramentas 110 peças</a>, <a href=\"https://www.desicon.com.br/caixa-organizadora-de-ferramentas-plastinox-cbi-020-vonder\">caixa para guardar ferramentas de inox</a> e assim vai.&nbsp;</p>\n<p style=\"text-align:center\"><img src=\"/img/uploads/ferramentas-vonder-exemplo.jpg\" alt=\"ferramentas vonder exemplos\"></p>\n<p>A marca foi lançada em 1997 e não para de crescer, hoje é refêrencia no desenvolvimento de ferramentas para uso profissional e industrial, vem conquistando prefêrencia das lojas e refletindo na satisfação de seus clientes e revendedores, tornando uma das marcas mais importantes de ferramentas do mercado brasileiro. A marca já recebeu prêmios por sua qualidade e desenvolvimento!</p>\n<p style=\"text-align:center\"><img src=\"/img/uploads/linha-do-tempo-vonder.jpg\" alt=\"linha tempo produtos vonder\"></p>\n<div class=\"video-blog-responsive\">\n  <iframe src=\"https://www.youtube.com/embed/nzC0oHj6ADA\" frameborder=\"0\" allowfullscreen></iframe>\n</div>\n\n</div>",
  "meta_title": "Conheça um pouco sobre a Vonder",
  "meta_description": "A marca foi lançada em 1997 e não para de crescer, hoje é referência no desenvolvimento de ferramentas para uso profissional e industrial, vem conquistando preferência das lojas e refletindo na satisfação de seus clientes e revendedores."
}