{
  "date": "",
  "title": "Dicas de Instalação: Mola Aérea",
  "thumbnail": "/img/uploads/capa-blog-instalando-mola-aerea-690x690px.png",
  "meta_title": "Dicas de Instalação: Mola Aérea",
  "body": "![Instalando mola aérea](/img/uploads/capa-blog-instalando-mola-aerea-690x690px.png \"Banner Apresentação Blog\")\n\n<div class = \"textoblog\">\n\n<p>Provavelmente você já passou por uma porta e observou que não precisaria fechá-la, por conta de seu sistema de automação, não é mesmo?! Esse item que controla a velocidade de abertura e fechamento da porta é bastante conhecido como Mola Hidráulica, mas podemos encontrá-las facilmente com o nome de Mola Aérea.</p>\n<p>A Mola Aérea permite a melhoria dos funcionamentos da porta, garantindo o controle de fechamentos e aberturas causados por correntes de ar. Podendo ser utilizada em ambiente externo ou interno, você poderá facilmente realizar sua instalação em banheiros, cozinhas, áreas de serviço ou até em salas de reunião, evitando impactos indesejados. </p>\n\n<p style=\"text-align:center\"><img src=\"/img/uploads/molaaerea-mola-aerea-hidraulica.jpg\" alt=\"Mola aérea hidraulica\" title=\"Mola Aérea\"></p>\n\n<p>Se interessou pelo produto? Olha só, separamos algumas dicas de como você pode realizar a instalação da Mola Hidráulica em sua casa de forma rápida e prática.  </p>\n<h2>Ferramentas necessárias</h2>\n<ul>\n\n<li><p>Chaves de boca adequada para a tamanho do parafuso e porca</p></li>\n<li><p>Chave de Fenda adequada para o parafuso</p></li>\n<li><p>Chave Phillips adequada para o parafuso</p></li>\n<li><p>Martelo</p></li>\n<li><p>Punção</p></li>\n<li><p>Fita adesiva</p></li>\n<li><p>Furadeira com broca adequada para o tamanho do parafuso</p></li>\n\n</ul>\n<h2>Vamos instalar</h2>\n<ul>\n\n<li><p><strong>Passo 1:</strong> Pegue o manual fornecido pela vendedora e o coloque em sua porta, deixando a marcação completamente alinhada as frestas da porta. Lembre-se de prendê-lo a porta, utilizando sua fita adesiva.</p></li>\n<li><p><strong>Passo 2:</strong> Com o martelo e a punção, realize a marcação da mola e do braço em sua porta. Efetuando o puncionamento sobre o gabarito, nos locais demarcados.</p></li>\n<li><p><strong>Passo 3: </strong>Feito o puncionamento, retire completamente o gabarito da porta e faça a furação nos locais que foram determinados.</p></li>\n<li><p><strong>Passo 4:</strong> Posicione a Mola corretamente na porta, a deixando completamente alinhada com os furos realizados. Insira os parafusos e aperte com a chave Philips.</p></li>\n<li><p><strong>Passo 5:</strong> Posicione o conjunto de braço da Mola, fixando-o sobre o corpo, utilizando o parafuso indicado. Com a chave de boca, aperte bem o parafuso.</p></li>\n<li><p><strong>Passo 6:</strong> Pegue a chave de boca e retire o parafuso da articulação que mantem os braços unidos. Feita essa ação, agora, prenda o suporte do braço no marco superior da porta.</p></li>\n<li><p><strong>Passo 7:</strong> Regule a distância do braço unindo novamente a articulação com o uso do parafuso que foi retirado anteriormente.</p></li>\n<li><p><strong>Passo 8:</strong> Regule a pressão do braço deixando a porta completamente fechada. Com a outra chave de boca, aperte bem as porcas do braço regulável.</p></li>\n<li><p><strong>Passo 9:</strong> Fixe a tampa do eixo em sua Mola.</p></li>\n<li><p><strong>Passo 10:</strong> Agora, é só regular a mola através de suas válvulas de regulagem da forma mais se adequa a sua necessidade.</p></li></ul></div>",
  "meta_description": "Pensando em trazer maior comodidade para ambientes externos e internos, a Desicon criou um tutorial incrível para auxiliar a instalação da sua Mola Aérea Hidráulica."
}