{
  "date": "",
  "title": "Fita Adesiva Antiderrapante: Dicas e benefícios",
  "thumbnail": "/img/uploads/capa-blog-fita-adesiva-antiderrapante-690x690px.png",
  "body": "![Fita adesiva antiderrapante](/img/uploads/capa-blog-fita-adesiva-antiderrapante-690x690px.png \"Banner Apresentação Blog\")\n\n<div class = \"textoblog\">\n\n<p>As fitas adesivas antiderrapante ganharam espaço no dia a dia de muita família por sua simples versatilidade, se tornando indispensável para o uso em pisos escorregadios, escadas e vertentes.<br></p>\n<p>Com isso, a Desicon possui uma dica muito importante para você. O uso da&nbsp;<a href=\"https://www.desicon.com.br/fita-antiderrapante-50mm-x-15m-adesiva-preta-vonder-escada\">Fita Adesiva Antiderrapante</a> tem como objetivo promover a segurança de crianças, idosos e pessoas com deficiência. Desenvolvida para ser um equipamento de proteção coletiva e fácil manuseio, com elas podemos determinar e orientar na prevenção de acidentes criando mais aderência entre o calçado e o solo, evitando assim, quedas e escorregões.</p>\n<p style=\"text-align:center\">\n <img src=\"/img/uploads/fita-antiderrapante-vonder-na-caixa-4543061-1-1.jpg\" alt=\"fita antiderrapante vonder\">\n</p>\n<p><strong>Detalhes da fita:</strong></p>\n<p>A fita adesiva antiderrapante possui fácil articulação, aplicação e muito boa conservação por sua composição em grãos altamente abrasivos e sua cola de composição em acrílico, que permite que sua fixação se torne mais duradoura. As lixas antiderrapante podem ser facilmente retiradas através do uso de removedores.</p>\n<p>Feita para área interna com a capacidade de aplicação em áreas externas utilizando uma <a href=\"https://www.desicon.com.br/silicone-adesivo-acetico-p-vedacao-janelas-box-280ml/preto\">cola para vedação</a>, a Fita Adesiva Antiderrapante fornecida pela Desicon oferece uma alta capacidade de segurança. Utilizada em residências, shoppings ou transportes, para a aplicação desse produto, é necessário que se pense no local que será inserido para que sua segurança seja efetiva.</p>\n<p>Ao aplicar as fitas adesivas é importante verificar a limpeza do local de aplicação, removendo toda a poeira e oleosidade existente, pois se trata de um produto de grande aderência e precisamos nos atentar as dicas para sabermos manusear esse item evitando desperdícios.</p>\n<p>Confira algumas dicas que a Desicon Ferragens separou para a aplicação e utilização da Fita Adesiva Antiderrapante.</p>\n<p style=\"text-align:center\">\n <img src=\"/img/uploads/fita-antiderrapante-25mmx5m-preto-axton-89745306-7e04-600x600.jpg\" alt=\"aplicação fita antiderrapante em escadas\">\n</p>\n<p><strong>Limpe a base onde a fita será aplicada:</strong>&nbsp;É importante que se remova toda a poeira e oleosidade do local onde a fita será a colocada.</p>\n<p><a href=\"https://www.desicon.com.br/trena-de-aco-f-75m-x-25mm-economica-vonder-medicoes\"><strong>Determine o tamanho do corte:</strong></a>&nbsp;É necessário que se respeite 1cm antes do final da superfície onde a fita será aplicada.<br><br><strong>Remova a película: </strong>Cuidadosamente, retire a película protetora da fita. Pronto! Agora, é só aplicar na superfície desejada.</p></div>",
  "meta_title": "Confira dicas e benefícios da fita antiderrapante",
  "meta_description": "Segurança domestica e coletiva. A fita antiderrapante promove segurança, evitando quedas e escorregões."
}