{
  "date": "",
  "title": "Mão Francesa - Inspirações para o seu DIY",
  "meta_title": "Mão Francesa - Inspirações para o seu DIY",
  "thumbnail": "/img/uploads/capa-blog-versatilidade-na-mao-690x690px.png",
  "body": "![Versatilidade na mão](/img/uploads/capa-blog-versatilidade-na-mao-690x690px.png \"Banner Apresentação Blog\")\n\n<div class = \"textoblog\">\n\n<p>Com toda certeza você já viu esse item por aí ou até mesmo na sua casa deve ter uma mão francesa fixando alguma prateleira de livros, temperos ou sendo utilizada como suporte algum objeto. Embora muitos pensem que esse item pode ser utilizado apenas para a fixar prateleiras, ele possui uma versatilidade ilimitada para tudo o que sua criatividade proporcionar, para renovando ambientes e deixando tudo de cara nova.</p>\n<p>Então para que possamos nos divertir a moda DIY, separamos algumas ideias e dicas de criação e decoração para todo tipo de ambiente que você desejar.</p>\n<strong>Mesinha de centro e banquinho:</strong> Para deixar sua sala mais aconchegante você vai precisar das seguintes coisas.\n<p style=\"text-align:center\"><img src=\"/img/uploads/banco-de-madeira-mao-francesa.jpg\" alt=\"mesinha de centro e banco\"></p>\n<p>- 3 mãos francesas</p>\n<p>-Tinta spray e lixa (opcional) </p>\n<p>- Uma base ou tampo</p>\n<p>- Furadeira, parafusos, buchas e chave de fenda</p>\n<p>- Lápis e régua </p>\n<p>Realize as medidas de distância, deixando tudo o mais alinhado possível para que se possa instalar os suportes na base. Caso você queira brincar com cores ou personalizar a seu gosto, utilize as lixas e spray para realizar as adaptações. </p>\n<ul><li><strong>Luminária:</strong> Pensando em como deixar o ambiente mais desconstruído e elegante? Olha só o que você vai precisar!</li></ul>\n\n<p><img src=\"/img/uploads/arandela-mao-francesa-preta-bronze-madeira-pinus-decorativa.jpeg\" alt=\"luminaria com mão francesa\"></p>\n\n<p>- Mão francesa de ferro</p>\n<p>- Pendente de Luz (Bocal de luz)</p>\n<p>- Furadeira, parafusos, buchas e chave de fenda</p>\n<p>- Lápis e régua</p>\n<p>Realize a medição e alinhamento do local de instalação e prontinho é só aplicar!</p>\n<ul><li><strong>Prateleira Invisível: </strong>Pensando em organizar seus livros? Então vamos lá, anotando...</li></ul>\n<p style=\"text-align:center\"><img src=\"/img/uploads/livro.jpg\" alt=\"prateleira invisível\"></p>\n<p>- Mão Francesa de ferro tipo cantoneira</p>\n<p>- Fita Dupla-Face</p>\n<p>- Furadeira, parafusos, buchas e chave de fenda</p>\n<p>- Lápis e régua</p>\n<p>Realize as medições e marcações de furo para instalação e certifique-se de que todos estão devidamente alinhados para aplicação. E pronto, agora é só decorar!</p>\n<ul><li><strong>Suporte de bicicleta:</strong> Quase todo brasileiro tem uma bicicleta guardada esperando para ser usada e que muitas vezes limitam o espaço do ambiente, veja o que você vai precisar para ter mais espaço no ambiente:</li></ul>\n<p style=\"text-align:center\"><img src=\"/img/uploads/bicicleta.jpg\" alt=\"suporte para bicicleta\"></p>\n<p>- Duas mãos francesas</p>\n<p>- Protetor de borracha ou cortiça</p>\n<p>- Furadeira, parafusos, buchas e chave de fenda</p>\n<p>- Lápis e régua</p>\n<p>Para a aplicação do suporte você precisará medir e marcar os locais de furo e alinhamento do suporte em sua parede realizando a aplicação.</p>\n<ul><li><strong>Cabideiro:</strong> Pensando em mais praticidade para o seu dia a dia? Já imaginou uma arara de parede para pendurar suas roupas?</li></ul>\n<p style=\"text-align:center\"><img src=\"/img/uploads/cabide.jpg\" alt=\"cabideiro\"></p>\n<p>- Três ou mais mão francesas</p>\n<p>- Cabide</p>\n<p>- Furadeira, parafusos, buchas e chave de fenda</p>\n<p>- Lápis e régua</p>\n<p>Antes da instalação não esqueça de realizar as medições de distância e alinhamento para que seu suporte não seja instalado de forma incorreta.</p>\n<p>Que tal compartilhar conosco sua criação em nossas redes sociais?</p></div>",
  "meta_description": "Bastante conhecida como suporte para prateleiras, nossas mãos francesas oferecem o máximo de versatilidade para que você deixe tudo de cara nova utilizando sua criatividade."
}