{
  "date": "",
  "title": "O que preciso saber sobre amortecedores: Articuladores e Pistão a Gás",
  "thumbnail": "/img/uploads/capa-blog-articuladores-e-pistao-a-gas-690x690px.png",
  "body": "![Articuladores e pistão a gás](/img/uploads/capa-blog-articuladores-e-pistao-a-gas-690x690px.png \"Banner Apresentação Blog\")\n\n<div class = \"textoblog\">\n\n<p>Muitas vezes a busca por facilidade e praticidade para o nosso dia a dia, traz uma dor de cabeça enorme, não é? Quem já passou pela experiência de tentar instalar um pistão a gás ou colocar um articulador nos moveis sabe do que vamos falar aqui.  </p>\n<p>Os pistões e articuladores são responsáveis por amortecer a abertura e fechamento de portas, baús e moveis, evitandos ruídos e ampliando a vida útil de seu móvel. O que muitas vezes não sabemos é que cada amortecedor possui peso, medida e abertura ideal para cada tipo de aplicação. </p>\n<img class=\"banners-corpo-blog\" src=\"/img/uploads/amortecedor-de-gas-automatico.jpg\" alt=\"amortecedor de gás automatico\">\n<p>Se você está pensando em realizar a instalação de um articulador no baú de brinquedos das crianças, por exemplo, não é recomendado o uso de um pistão com 100N, sua tampa vai encontrar uma grande dificuldade para realizar o fechamento ou abertura, por seu peso ser menor do que a força dos amortecedores. O ideal seria algo entre o 60N e 80N para que essa aplicação fique perfeita. </p>\n<p>Dê uma olhada na tabela de força que separamos para você.</p>\n<ul>\n\n<li><a href=\"https://www.desicon.com.br/pistao-a-gas\"><p> <strong>Pistão força:</strong></p></a></li>\n<li><p>60N = 60kg</p></li>\n<li><p>80N = 80kg</p></li>\n<li><p>100N = 100kg</p></li>\n<li><p>120N = 12kg</p></li>\n\n</ul>\n<ul>\n\n<li><a href=\"https://www.desicon.com.br/articuladores-para-moveis\"><p><strong>Articulador força:</strong></p></a></li>\n<li><p>440N = 44kg</p></li>\n<li><p>600N = 60kg</p></li>\n<li><p>800N = 80kg</p></li>\n<li><p>1000N = 100kg</p></li>\n<li><p>Agora, chega de dor de cabeça né? Realize suas aplicações de forma prática e sem medo de errar!</p></li>\n\n</ul></div>",
  "meta_title": "O que preciso saber sobre amortecedores: Articuladores e Pistão a Gás",
  "meta_description": "Bastante utilizados para instalação em moveis e cama box, os articulares possuem forças variáveis que podem impactar em sua aplicação. Por isso, separamos algumas informações irão de auxiliar na hora de escolher o seu."
}