{
  "date": "",
  "title": "Prateleiras: Falando de Suportes",
  "thumbnail": "/img/uploads/capa-blog-falando-de-suporte-690x690px.png",
  "body": "![Falando de suportes](/img/uploads/capa-blog-falando-de-suporte-690x690px.png \"Banner Apresentação Blog\")\n\n<div class = \"textoblog\">\n\n<p>As prateleiras são algo indispensável na composição de qualquer ambiente residencial, comercial ou profissional. Por onde quer que andemos, nos deparamos com uma por aí e por isso, hoje, vamos bater um belo papo sobre como escolher o suporte ideal para sua prateleira deixando tudo mais harmônico e com maior usabilidade.</p>\n<p>Os suportes para prateleiras são ferragens responsáveis por fixar e firmar diferentes tipos de espessuras e bases de prateleiras na parede, podendo ser utilizados nos ambientes cotidianos atendendo diferentes objetivos.</p>\n<p style=\"text-align:center\"><img src=\"/img/uploads/suporte-fenda.jpg\" alt=\"suporte fenda\"></p>\n\n\n<p><a href=\"https://www.desicon.com.br/suporte-fenda-compacta-premium-para-prateleira-de-vidro-espessura-8mm\"><strong>Suporte Fenda:</strong></a> Criado para fixar prateleiras de vidro de forma prática e discreta, essa peça conta com um design compacto e moderno. Além disso, você pode encontrar no mercado sua versão em plástico ABS e em Metal Zamac.</p>\n<p style=\"text-align:center\"><img src=\"/img/uploads/suporte-tucano.jpg\" alt=\"suporte tucano\"></p>\n\n\n<p><a href=\"https://www.desicon.com.br/suporte-tucano-grande-plastico/cromado\"><strong>Suporte Tucano:</strong></a> Se você estiver pensando em instalar uma prateleira, mas ainda não qual o material dela, com o Suporte Tucano você não terá nenhum tipo de estresse. Ele é indicado para o uso em prateleiras de vidro, madeira e acrílico, podendo ser utilizado em banheiros, áreas comerciais ou ambientes domésticos. Além disso, você pode encontrar no mercado sua versão em plástico ABS e em Metal Zamac.</p>\n<p style=\"text-align:center\"><img src=\"/img/uploads/suporte-pelicano.jpg\" alt=\"suporte pelicano\"></p>\n\n\n<p><a href=\"https://www.desicon.com.br/suporte-pelicano-cromado/cromado\"><strong>Suporte Pelicano:</strong></a> Desenvolvido para fixar prateleiras de vidro, madeira, MDF ou acrílico o Suporte Pelicano tem seu acabamento metalizado, regulagem de abertura, elegância e beleza para qualquer ambiente. Sua confecção em metal permite maior resistência a corrosão, aumentando a vida útil do produto.</p>\n<p style=\"text-align:center\"><img src=\"/img/uploads/suporte-mao-francesa.jpg\" alt=\"suporte mão francesa\"></p>\n\n\n<p><a href=\"https://www.desicon.com.br/mao-francesa-dobravel-articulado-25cm\"><strong>Suporte Mão Francesa Dobrável:</strong></a> Com toda certeza você já viu esse item por aí, nossa mão francesa dobrável permite fácil instalação de mesas, bancadas, escrivaninhas e prateleiras, permitindo maior aproveitamento do espaço por sua função retrátil.</p>\n<p style=\"text-align:center\"><img src=\"/img/uploads/suporte-invisivel.jpg\" alt=\"suporte invisivel\"></p>\n\n\n<p><a href=\"https://www.desicon.com.br/suporte-invisivel-20cm-para-embutir-em-prateleira-de-madeira-mdf-ou-compensado\"><strong>Suporte Invisível:</strong></a> Se estiver pesando em discrição e otimização de espaço, esse é o suporte ideal. Sua aplicação direto no MDF ou madeira permite sua invisibilidade nos ambientes. Perfeito para instalações em escritórios, dormitórios, salas e diversos outros ambientes.</p>\n<p><br>Prontinho! Vamos otimizar os espaços? Agora que você já está por dentro do mundo das prateleiras é importante se atentar nas instalações. Procure tutoriais, ajuda profissional e se atente aos manuais.</p></div>",
  "meta_title": "Prateleiras: Falando de Suportes",
  "meta_description": "Estamos sempre pensando em como deixar tudo mais organizado, pratico e fácil não é? Por isso, a Desicon tem dicas imperdíveis para você que está na busca do suporte ideal para suas prateleiras."
}