{
  "date": "",
  "title": "Principais Ferramentas para Casa",
  "thumbnail": "/img/uploads/capa-blog-ferramentas-basicas-690x690px.png",
  "body": "![Ferramentas básicas](/img/uploads/capa-blog-ferramentas-basicas-690x690px.png \"Banner Apresentação Blog\")\n\n<div class = \"textoblog\">\n\n<p>Todos nós em algum momento, fomos pegos de surpresa por um chuveiro queimado, interruptor quebrado ou já comprou um certo móvel e não tínhamos as ferramentas corretas para fazer a montagem. Relembrando todas essas situações a Desicon separou as principais ferramentas que você precisar tem em casa, pra já. São as ferramentas mais básicas possíveis para se ter em casa e escaparmos do sufoco.</p>\n\n<p style=\"text-align:center\"><img src=\"/img/uploads/jogo-de-chaves-irwim-1864836-pro-confort-triobular-ergonimica-profissional.jpg\" alt=\"jogo de chaves irwim\"></p>\n\n<p><a href=\"https://www.desicon.com.br/chave-fendaphillips-gp-4pc-set-sl-ph\">Jogo de chaves de Fenda e Phillips: </a>As possibilidades de reparos que se podem fazer com esse kit são infinitas, além de ser um equipamento fundamental que jamais poderá faltar em sua maleta de ferramentas. Com ele vamos poder instalar chuveiro, tomadas, apertar parafusos, instalação e montagem de moveis, viu? Muitas possibilidades.</p>\n\n<p style=\"text-align:center\"><img src=\"/img/uploads/chave-combinada-de-65mm-tramontina-pro-446501651.jpg\" alt=\"chave combinada\"></p>\n\n<p>Chave combinada: Falando sobre chaves essenciais, presente no meio doméstico e automotivo, as chaves cominadas são compostas por duas extremidades onde em um lado você terá a chave de boca e no outro a chave de roda, ideal para apertar parafusos e porcas quadrados ou sextavados.</p>\n\n<p style=\"text-align:center\"><img src=\"/img/uploads/ferramenta-linha-hobby-presente-kit-ferramenta-6-pecas-martelo-nivel-black-and-decker-blackd.jpg\" alt=\"kit ferramentas black decker\"></p>\n\n<p><a href=\"https://www.desicon.com.br/kit-ferramentas-black-decker-martelo-chave-com-06-pecas\">Martelo:</a> Essa provavelmente você já tem em casa, mas vale colocá-la aqui. Essa ferramenta é fundamental para que se possa realizar diferentes funções como montar móveis, pendurar quadros, remover pregos ou aplicar pregos, instalar quadros ou aplicar rebites. Com certeza, elas nos salva em vários momentos.</p>\n\n<p style=\"text-align:center\"><img src=\"/img/uploads/alicate-irwin-8-laranja-lado-2-1.jpg\" alt=\"alicate irwim\"></p>\n\n<p><a href=\"https://www.desicon.com.br/alicate-universal-8-irwin-vise-grip\">Alicate Universal:</a> Essa é uma das ferramentas mais versáteis que você poderá encontrar no mercado e será extremamente útil no seu ambiente doméstico para dobrar, apertar, puxar, torcer, cortar, desencapar fios e várias outras possibilidades.</p>\n\n<p style=\"text-align:center\"><img src=\"/img/uploads/arco-serrra-manual-irwin.jpg\" alt=\"arco serra manual\"></p>\n\n<p><a href=\"https://www.desicon.com.br/arco-e-serra-i-10\">Serra:</a> Ferramenta básica para realizar adaptações, perfeita para realizar cortes em ferros, canos ou madeiras. Extremamente recomendada para o uso doméstico. </p>\n\n<p style=\"text-align:center\"><img src=\"/img/uploads/trena-de-aco-q-8m-x-25mm-auto-trava-pl-3802108.jpg\" alt=\"trena de aço vonder 8m\"></p>\n\n<p><a href=\"https://www.desicon.com.br/produtos?q=trena\">Trena:</a> Logo quando pensamos em moveis, lembramos da necessidade em realizar as medições do local, saber a medida do cômodo vai te ajudar a não cometer erros. Além de ser utilizadas para medidas de cortes, quantidade de tinta, piso ou revestimento.</p>\n\n<p style=\"text-align:center\"><img src=\"/img/uploads/parafusadeira-e-furadeira-vonder-37070112.jpg\" alt=\"parafusadeira furadeira vonder\"></p>\n\n<p><a href=\"https://www.desicon.com.br/produtos?q=parafusadeira\">Parafusadeira e Furadeira:</a> Muito utilizada para realizar instalações de moveis, montagem de moveis, instalação de parafusos e tantos outros itens.</p>\n<p>Agora que você já conhece cada uma delas, é hora de acabar com o sufoco.</p></div>",
  "meta_title": "Principais Ferramentas para Casa",
  "meta_description": "É muito provável que você já tenha passado por algum imprevisto em casa e na hora de realizar o reparo não tinha a peça correta. Separamos para você as principais ferramentas que precisamos ter em casa para deixar o sufoco de lado."
}