{
  "date": "",
  "title": "Repaginando a Casa: Acessórios para Banheiro",
  "thumbnail": "/img/uploads/capa-blog-acessorios-para-banheiro-690x690px.png",
  "body": "![Acessórios para banheiro](/img/uploads/capa-blog-acessorios-para-banheiro-690x690px.png \"Banner Apresentação Blog\")\n\n<div class = \"textoblog\">\n\n<p>Sempre que pensamos em dar aquela repaginada na casa o banheiro dificilmente entra nos planos, não é mesmo? Um ambiente onde possui muita circulação necessita está em harmonia com o restante dos cômodos e muitas vezes nos esquecemos ou deixamos a decoração fora de contexto, sem beleza e funcionalidade. </p>\n<p>Então se você está analisando a possibilidade de construir ou reformar um banheiro, é necessário passar por alguns passos e não só pensar na composição de louças ou revestimentos. A escolha de acessórios para essa composição, faz toda a diferença na hora de colocar o projeto em prática, entregando durabilidade, beleza e praticidade para o ambiente. </p>\n\n\n![banner design banheiro moderno](/img/uploads/banner-exposicao-produtos-banheiros.jpg)\n\n\n<p>Quer saber mais sobre como escolher os produtos ideais para a composição do banheiro? Então, fique de olho nas dicas que separamos para você!</p>\n<p>Tenha sempre em mente um projeto bem definido, é preciso ter as dimensões exatas do espaço, nem que seja apenas um rascunho. Isso será muito importante na hora de escolher os itens que se deseja instalar no espaço, evitando que imprevistos aconteçam. </p>\n<p>Siga um conceito e busque o diálogo com as peças escolhidas, pense visualmente o que você quer para o espaço, sempre refletindo sobre um estilo que te agrade e entregue usabilidade.</p>\n<p>Lembre-se de organizar um check list com os itens que serão utilizados no local, e para te ajudar com isso, a Desicon separou os acessórios mais básicos que você não pode esquecer de colocar na lista.</p>\n<ul>\n\n<li><p>Porta Toalha de Banho</strong></p></li>\n<li><p>Porta Toalha de rosto</strong></p></li>\n<li><p>Cabideiro </strong></p></li>\n<li><p>Saboneteira </strong></p></li>\n<li><p>Papeleira </strong></p></li>\n<li><p>Prateleira </strong></p></li>\n\n</ul>\n<p>Tenha as palavras praticidade e facilidade em mente na hora de estudar a composição do banheiro. E agora que você já sabe por onde começar, é só colocar a mão na massa!</p></div>",
  "meta_title": "Repaginando a Casa: Acessórios para Banheiro",
  "meta_description": "Já pensou como seria perfeito um banheiro cheio de usabilidade, praticidade e beleza? Se você está pensando em dar aquela repaginada, separamos algumas dicas imperdíveis que irão te ajudar na hora da reforma."
}