{
  "assetsByChunkName": {
    "vendors~app-account~app-confirmation~app-order": "chunk.e6e81700a146b87e3619.js",
    "vendors~app-account~app-checkout": "chunk.01165b5698e1edb595ac.js",
    "vendors~app-cart~app-checkout": "chunk.ede7a0dab00cc2cbcec8.js",
    "admin": [
      "admin.24e6b1857889d4007eec.js",
      "admin.24e6b1857889d4007eec.js.map"
    ],
    "app-account": "chunk.8b7b64754088c1fbfdb9.js",
    "app-checkout": "chunk.af716e0e209e50fd377d.js",
    "app-confirmation": "chunk.2e1a70a22b5c7c70420f.js",
    "checkout": [
      "checkout.82475c58ff41882fb8c3.js",
      "checkout.82475c58ff41882fb8c3.js.map"
    ],
    "storefront": [
      "storefront.5b4425f5027067d777c7.css",
      "storefront.52f8f0acdd7b45780dba.js",
      "storefront.5b4425f5027067d777c7.css.map",
      "storefront.52f8f0acdd7b45780dba.js.map"
    ],
    "vendors~app-cart": "chunk.365d293f654421589863.js",
    "vendors~app-order": "chunk.6788d629cf70d83d7137.js"
  }
}