{
  "description": {
    "title": "Formas de Pagamento",
    "text": "Disponíveis"
  },
  "links_1": {
    "list_pages": true,
    "title": "Páginas",
    "list": [
      {
        "text": "Blogs",
        "url": "https://desicon.netlify.app/blog"
      }
    ]
  },
  "links_2": {
    "list_categories": true,
    "title": "Departamentos",
    "list": []
  },
  "contacts": {
    "title": "Contatos",
    "phone_wpp": true,
    "socials": true,
    "email": true,
    "address": true
  },
  "stamps": [
    {
      "src": "/img/uploads/ssl-securety.png",
      "alt": "secure connection "
    },
    {
      "src": "/img/uploads/safe-browsing-google.png",
      "alt": "safe browsing",
      "link": "https://transparencyreport.google.com/safe-browsing/search?url=https:%2F%2Fwww.desicon.com.br%2F"
    },
    {
      "src": "/img/uploads/avaliacao-mercado-livre.png",
      "alt": "avaliação mercado livre",
      "link": "https://www.mercadolivre.com.br/perfil/DESICON.COM.BR"
    },
    {
      "src": "/img/uploads/ebit-em-avaliacao.png",
      "alt": "em avaliação ebit",
      "link": "https://www.ebit.com.br/desicon"
    }
  ],
  "payment_methods": {
    "pix": true,
    "visa": true,
    "mastercard": true,
    "elo": true,
    "amex": false,
    "hipercard": false,
    "boleto": true,
    "itau": true
  },
  "credits": ""
}