{
  "categories_list": {
    "featured": [
      "/rodizios-rodas-e-rodinhas?Rodízios, Rodas e Rodinhas",
      "/acessorios-para-moveis?Acessórios para Móveis",
      "/prateleiras?Prateleiras",
      "/silicones-colas-quimicos?Químicos em Geral",
      "/desiconevoceteste?Desicon & Você"
    ],
    "random": 0,
    "full_width": true
  },
  "menu_all_departments": true,
  "centralized_logo": false,
  "marketing_stripe": {
    "text": "",
    "link": "",
    "color": "",
    "background": ""
  },
  "alphabetical_order_submenu": false,
  "name_all_departments": "DEPARTAMENTOS",
  "search_input": true,
  "desktop_megamenu": true,
  "full_width_submenu": true,
  "contacts_stripe": {
    "pages": [],
    "phone_wpp": true,
    "socials": true
  }
}